{
    "SSIM": 0.7184111437707008,
    "PSNR": 14.894020069125055,
    "LPIPS": 0.4284017845310948,
    "FVD": 289.6090554225333
}