{
    "SSIM": 0.7184276295980292,
    "PSNR": 14.911134858065934,
    "LPIPS": 0.42825289880010214,
    "FVD": 292.7185865561096
}